Gender,Category,Size,Length,Collections,Color name,Color Family,Inseam,Activity,Attribute
men,Joggers,S,Short,Steady State,Sonic Pink,navy,"30""",On the Move,Skorts
women,Sweatpants,6,Cropped,Dance Studio,Espresso,brown,"25""",yoga,Base Layers
,Short Sleeve Shirts,M,Maxi,Fundamental,Lip Gloss,blue,"15""",workout,5 Pocket Pants
,Skirts,XL,Mini,Align,Bone,black,"28""",travel,No Show Socks
,Leggings,8,Long,License To Train,Poolside,grey,"27""",tennis,Hoodies
,Tights,0,Midi,ABC,Java,orange,"32""",work,Slides
,Pants,20,,Love,Flush Pink,purple,"23""",golf,Backpacks
,Long Sleeve Shirts,L,,Everywhere,Dark Lavender,Printed,"31""",casual,Caps
,Bags,46,,Like a Cloud,Strawberry Milkshake,white,"14""",training,Chino Shorts
,Socks,44,,Wunder Train,Dark Forest,Khaki,"13""",dance,Ankle Socks
,Sports Bras,14,,Groove,Meadowsweet Pink,yellow,"4""",running,Crew Socks
,T-Shirts,XS,,Perfectly Oversized,Utility Blue,pink,"26""",hiking,Half Zip Sweatshirts
,Capris,ONE SIZE,,Energy,Lilac Smoke,green,"37""",swim,Bucket Hats
,Hoodies & Sweatshirts,12,,Restfeel,Storm Teal,red,"29""",bike,Cargo Pants
,Button Down Shirts,10,,All Yours,Velvet Dust,olive,"2.5""",,Beanies
,Shoes,4,,Wundermost,Pitch Blue,neutral,"9""",,Wallets and Pouches
,Water Bottles,18,,lululemon Lab,Nomad,Neon,"6""",,Athletic Shorts
,Tank Tops,2,,Speed Up,Mango Dream,Brun,"34""",,Mat Straps
,Shorts,XXL,,Define,Cyan Blue,bleu,"8""",,Knee High Socks
,Hats,XXXL,,Strongfeel,Atomic Purple,rouge,"7""",,Sweat Shorts
,Coats & Jackets,16,,Surge,Wild Indigo,rose,"3""",,Athletic Jackets
,Accessories,38DD,,Scuba,Twilight Rose,gris,"5""",,Duffle Bags
,Trousers,38D,,Fast & Free,Pink Peony,noir,"16""",,Yoga Bags
,Underwear,7,,Wunder Puff,True Navy,bleu marine,"21""",,Foam Rollers
,Jumpsuits & Rompers,13,,Hold Tight,Pistachio,violet,"3.5""",,Resistance Bands
,Yoga Accessories,38C,,Wunder Under,Medium Forest,blanc,"12""",,Crossbody Bags
,Gloves & Mittens,11,,Beyondfeel,Purple Ash,vert,"22""",,Keychains
,Yoga Mats,40C,,Sculpt,Dramatic Magenta,vert olive,"24""",,Athletic Skirts
,Scarves & Wraps,9,,Pace Breaker,Kohlrabi Green,Fluo,"18""",,Hijabs
,Shirts,28,,Bowline,Powder Blue,jaune,"7.5""",,Pullover Sweaters
,Dresses,40D,,Metal Vent Tech,Hot Heat,multicolore,"10""",,Onesies
,Swim Trunks,32,,Commission,Tidal Teal,Camouflage,"19""",,Crewneck Sweatshirts
,We Made Too Much,33,,T.H.E.,Solar Orange,m√©tallique,"17""",,Board Shorts
,Bodysuits,31,,Built To Move,Aero Blue,null,"2""",,Dress Pants
,Hair Accessories,30,,5 Year Basic,Pipe Dream Blue,Or,"33""",,Chinos
,Polo Shirts,42,,Swiftly,Dark Red,noir et blanc,,,Totes
,Sweaters,36,,Ebb to Street,White,bourgogne,,,Towels
,lululemon membership,35,,City Sweat,Sunny Coral,neutre,,,Sneakers
,Swimsuits,40,,Base Pace,Summer Glow,argent,,,Belt Bags
,women,34,,Cool Racerback,Red Merlot,,,,Scarves
,,4XL,,Always In Motion,Hawaiian Blue,,,,Vests
,,38,,Soft Jersey,Dark Oxide,,,,Headbands
,,29,,At Ease,Deep Luxe,,,,Shampoo
,,5XL,,Cityverse,Black,,,,Sunscreen
,,L/XL,,Engineered Warmth,Dahlia Mauve,,,,Hair Clips
,,9.5,,On The Fly,White Opal,,,,Rain Jackets
,,S/M,,Zeroed In,Pomegranate,,,,Puffer Jackets
,,XXS,,Hotty Hot,Electric Lemon,,,,Windbreakers
,,1X,,Blissfeel,Contour,,,,Blocks
,,8.5,,Power Pivot,Grape Thistle,,,,Bomber Jackets
,,M/L,,InStill,Green Jasper,,,,Visors
,,XS/S,,Drysense,Electric Turquoise,,,,Packing Cubes
,,XL/XXL,,Swift Speed,Rhino Grey,,,,Hair Ties
,,34 B,,Invigorate,Graphite Grey,,,,Sliders
,,34 DDD,,Free to Be,Pastel Blue,,,,Leg Warmers
,,34 C,,Ready to Rulu,Cayenne,,,,Thongs
,,34 D,,Everywhere::::Wunder Puff,Maldives Green,,,,Bikini Underwear
,,34 DD,,Chargefeel,Riverstone,,,,Zip Up Sweatshirts
,,32 D,,Run Times,Trench,,,,Boy Shorts
,,32 DD,,Enlite,Grey Sage,,,,Bodycon Dresses
,,32 C,,In Movement,Glaze Pink,,,,Bralettes
,,32 G,,Bend This,Belgian Blue,,,,Racerback Bras
,,32 DDD,,Loungeful,Dark Olive,,,,Cardigans
,,32 B,,,Army Green,,,,Jump Ropes
,,6.5,,,Moonlit Magenta,,,,Turtlenecks
,,7.5,,,Highlight Yellow,,,,Shirt Dresses
,,34 G,,,Larkspur,,,,Scrunchies
,,36 B,,,Vintage Rose,,,,Cargo Shorts
,,5.5,,,Psychic,,,,Cross Training Shoes
,,5,,,Blue Linen,,,,Rompers
,,10.5,,,Mint Moment,,,,Lotion
,,11.5,,,Carnation Red,,,,Cheeky Underwear
,,38 C,,,Windmill,,,,Swimsuit Bottoms
,,40 D,,,Faded Zap,,,,One Piece Swimsuits
,,38 D,,,Iron Blue,,,,Swimsuit Tops
,,38 DD,,,Washed Mauve,,,,Trail Running Shoes
,,40 C,,,Washed Purple Quartz,,,,Parkas
,,36 C,,,Oasis Blue,,,,
,,36 D,,,Roasted Brown,,,,
,,36 DDD,,,French Press,,,,
,,36 DD,,,Lilac Ether,,,,
,,32B,,,Mojave Tan,,,,
,,32DDD,,,shocking blue,,,,
,,32DD,,,Dusty Clay,,,,
,,32D,,,Sheer Blue,,,,
,,32C,,,Sheer Lilac,,,,
,,34C,,,Icing Blue,,,,
,,34B,,,Water Drop,,,,
,,32G,,,Charged Indigo,,,,
,,34G,,,Symphony Blue,,,,
,,34DDD,,,Bronze Green,,,,
,,34DD,,,Magenta Purple,,,,
,,34D,,,Palm Court,,,,
,,36D,,,Cascadia Green,,,,
,,36C,,,Coral Kiss,,,,
,,36B,,,Allspice,,,,
,,36DDD,,,Smoked Spruce,,,,
,,36DD,,,Tidewater Teal,,,,
,,38 B,,,Blue Nile,,,,
,,27,,,Diamond Dye Pitch Grey Graphite Grey,,,,
,,26,,,Carbon Dust,,,,
,,48,,,Mulled Wine,,,,
,,Travel,,,Brier Rose,,,,
,,Full,,,Night Sea,,,,
,,37,,,Elixir,,,,
,,39,,,Pale Raspberry,,,,
,,2XL,,,Laurel Green,,,,
,,12.5,,,Utility Yellow,,,,
,,XXXS,,,Blazer Blue Tone,,,,
,,13.5,,,Raw Linen,,,,
,,24,,,Everglade Green,,,,
,,25,,,Raspberry Cream,,,,
,,50,,,Rip Tide,,,,
,,36 E,,,Sable,,,,
,,32 E,,,Taupetastic,,,,
,,34 E,,,Sonic Yellow,,,,
,,34 A,,,Prosecco,,,,
,,36 A,,,Paradise Green,,,,
,,30 DDD,,,Heathered Core Ultra Light Grey,,,,
,,36 G,,,Heathered Dark Espresso,,,,
,,30 DD,,,heathered dark forest,,,,
,,30 D,,,Heathered Dark Olive,,,,
,,30 C,,,Heathered Deep Luxe,,,,
,,42 DD,,,heathered deep navy,,,,
,,42 DDD,,,heathered desert olive,,,,
,,38 G,,,Heathered Glaze Pink,,,,
,,38 DDD,,,Heathered Grape Thistle,,,,
,,40 DDD,,,Paint Drift Kohlrabi Green Multi,,,,
,,40 G,,,Wild Mint,,,,
,,40 DD,,,Submarine,,,,
,,42 D,,,Vapor,,,,
,,30 E,,,Creamy Mint,,,,
,,38 E,,,Highlight Orange,,,,
,,40 E,,,Heather Grey,,,,
,,32 F,,,Silver Drop,,,,
,,34 F,,,Tracer Print Emboss Dusty Amethyst Multi,,,,
,,40 B,,,Pink Pastel,,,,
,,42 G,,,Pink Clay,,,,
,,40G,,,Vitapink,,,,
,,40DD,,,Petrol Blue,,,,
,,42DD,,,Pink Mist,,,,
,,42DDD,,,Heathered Bone,,,,
,,42D,,,Heathered Brown Earth,,,,
,,38G,,,Heathered Cascadia Green,,,,
,,38DDD,,,Heritage 365 Camo Deep Coal Multi,,,,
,,42 E,,,Blissful Blue,,,,
,,38B,,,Turquoise Tide,,,,
,,36G,,,Sinatra Blue,,,,
,,XXS/XS,,,Rainbow,,,,
,,,,,Cassis,,,,
,,,,,jungle floor turquoise sea naval blue,,,,
,,,,,Peach Bellini,,,,
,,,,,Finch Yellow,,,,
,,,,,Heathered Black,,,,
,,,,,Bay Leaf,,,,
,,,,,Rover,,,,
,,,,,Mineral Blue,,,,
,,,,,Dew Pink,,,,
,,,,,Artifact,,,,
,,,,,Spiced Chai,,,,
,,,,,dottie tribe white black,,,,
,,,,,Natural Ivory,,,,
,,,,,Green Punch,,,,
,,,,,Lichen Lime,,,,
,,,,,lullaby,,,,
,,,,,Wasabi,,,,
,,,,,Flower Burst Multi,,,,
,,,,,Flower Glide Max Pink Multi,,,,
,,,,,Flower Glide Mini Sundance Multi,,,,
,,,,,Flower Glide Mini True Navy Multi,,,,
,,,,,Radiate Foil Print Black,,,,
,,,,,Backcountry Camo Blue Orange Multi,,,,
,,,,,Undertone Black Multi,,,,
,,,,,Cheetah Camo Deep Coal Multi,,,,
,,,,,Grenadine Red,,,,
,,,,,Cross Court Wash Pastel Blue Multi,,,,
,,,,,Bold Beige,,,,
,,,,,Rhythmic Emboss Black,,,,
,,,,,Marlin,,,,
,,,,,Pow Pink,,,,
,,,,,Love Red,,,,
,,,,,Sakura Pink,,,,
,,,,,scream green,,,,
,,,,,Heathered Graphite Grey,,,,
,,,,,Gradiate Geo Emboss Black,,,,
,,,,,Gradient Foil Engineer Asphalt Grey_Graphite Grey,,,,
,,,,,Gradient Foil Engineer Medium Forest_Storm Teal,,,,
,,,,,Autumn Orange,,,,
,,,,,Azalea Pink,,,,
,,,,,Earl Grey,,,,
,,,,,Vivid Plum,,,,
,,,,,Gull Grey,,,,
,,,,,Compass Khaki,,,,
,,,,,Ancient Copper,,,,
,,,,,Pale Linen,,,,
,,,,,Dusty Rose,,,,
,,,,,Narrow Bold Stripe Black White,,,,
,,,,,Sundance,,,,
,,,,,Classic Navy,,,,
,,,,,Obsidian,,,,
,,,,,Heritage 365 Camo Black Multi,,,,
,,,,,Heathered Grey Sage,,,,
,,,,,Heathered Core Medium Grey,,,,
,,,,,Cyber Violet,,,,
,,,,,Raspberry coulis,,,,
,,,,,Ripened Raspberry,,,,
,,,,,Hail,,,,
,,,,,Misty Shell,,,,
,,,,,Twice Blue,,,,
,,,,,Wee Are From Space Black Slate,,,,
,,,,,Wee Are From Space Carnation Red,,,,
,,,,,Vintage Pink,,,,
,,,,,Butternut Brown,,,,
,,,,,Soft Denim,,,,
,,,,,Outline Yogo Mini Violet Grey Purple Ash,,,,
,,,,,Lunar Rock,,,,
,,,,,oil slick blue,,,,
,,,,,Legacy Green,,,,
,,,,,Nano Check Antique White Riverstone,,,,
,,,,,Nano Check Rover Black,,,,
,,,,,Ombre Glide Washed Mauve Sakura Pink Peach Bellini,,,,
,,,,,Dewy,,,,
,,,,,Asphalt Grey,,,,
,,,,,Seal Grey,,,,
,,,,,Silver Blue,,,,
,,,,,Deep Artifact,,,,
,,,,,Heathered Windmill,,,,
,,,,,Silverstone,,,,
,,,,,Cerulean Blue,,,,
,,,,,Medium Olive,,,,
,,,,,Deep Navy,,,,
,,,,,Burnt Orange,,,,
,,,,,Gatsby Blue,,,,
,,,,,Sport Red,,,,
,,,,,Iridescent Floral Multi,,,,
,,,,,freckle flower black white,,,,
,,,,,Sea Steel,,,,
,,,,,Heathered Asphalt Grey,,,,
,,,,,Heathered Auric Gold,,,,
,,,,,Heathered Belgian Blue,,,,
,,,,,pretty lace white black,,,,
,,,,,samba snake battleship black,,,,
,,,,,samba snake kayak blue hero blue,,,,
,,,,,Smoky Topaz,,,,
,,,,,Vivid Floral Tone Multi,,,,
,,,,,BLOSSOM SILHOUETTE MAX Lilac Smoke Kelly Green,,,,
,,,,,Cadet Blue,,,,
,,,,,Cafe Au Lait,,,,
,,,,,Nevis Stripe Grey Sage Light Sage,,,,
,,,,,Light Vapor,,,,
,,,,,Leopardo Jacquard MED Black,,,,
,,,,,Leopardo Jacquard Pomegranate Black,,,,
,,,,,Leopardo Mini Jacquard Graphite Grey Black,,,,
,,,,,Leopardo Mini Jacquard Lunar Rock Black,,,,
,,,,,NOUVEAU MARBLE Meadow Sweet Pink Multi,,,,
,,,,,Stony Grape,,,,
,,,,,Sun Bleached Wash Red Merlot,,,,
,,,,,Auric Gold,,,,
,,,,,Dark Mocha,,,,
,,,,,Shale Blue,,,,
,,,,,Heathered Natural Ivory,,,,
,,,,,Heathered Oasis Blue,,,,
,,,,,heathered opal,,,,
,,,,,Heathered Palm Court,,,,
,,,,,Heathered Paradise Green,,,,
,,,,,rope rappel angel wing rugged blue,,,,
,,,,,Blue Willow,,,,
,,,,,Altered Nature Multi,,,,
,,,,,Purple Highlight,,,,
,,,,,Anchor,,,,
,,,,,Parachute,,,,
,,,,,neutral blush,,,,
,,,,,alarming,,,,
,,,,,Spray Leopard Black Multi,,,,
,,,,,Spray Leopard Grey Multi,,,,
,,,,,Spray Leopard WP Grey Multi,,,,
,,,,,Ether Green,,,,
,,,,,Heathered Storm Teal,,,,
,,,,,heathered strawberry milkshake,,,,
,,,,,Heathered Taupetastic,,,,
,,,,,heathered texture printed greyt deep coal,,,,
,,,,,Heathered True Navy,,,,
,,,,,Heathered Ultra Light Grey,,,,
,,,,,Pink Lychee,,,,
,,,,,Short Serve Stripe Heathered Medium Grey Black,,,,
,,,,,Short Serve Stripe White Black,,,,
,,,,,Monarch Bloom Bone Espresso,,,,
,,,,,Antique Bark,,,,
,,,,,Circulate Tie Dye Mineral Blue Multi,,,,
,,,,,Green Twill,,,,
,,,,,Atmospheric Purple Multi,,,,
,,,,,Clementine,,,,
,,,,,Wee Are From Space Nimbus Battleship,,,,
,,,,,Paint Glide Multi,,,,
,,,,,Bordeaux Drama,,,,
,,,,,Take Flight Grey Multi,,,,
,,,,,Luminescent Floral Multi,,,,
,,,,,Check Plaid Cassis Pomegranate,,,,
,,,,,Thermal Green,,,,
,,,,,Highlander,,,,
,,,,,lulu red,,,,
,,,,,Wisp Yellow,,,,
,,,,,Frontier,,,,
,,,,,Frosted Jade,,,,
,,,,,Frosted Mulberry,,,,
,,,,,Heathered Warm Apricot,,,,
,,,,,Heathered Washed Mauve,,,,
,,,,,Heathered White,,,,
,,,,,Melanite,,,,
,,,,,Shade,,,,
,,,,,Pink Puff,,,,
,,,,,Spark Green,,,,
,,,,,Cape Red,,,,
,,,,,Chroma Blur Black Multi,,,,
,,,,,Chroma Blur Multi,,,,
,,,,,Date Brown,,,,
,,,,,Pixel Diffuse Multi,,,,
,,,,,Dark Chrome,,,,
,,,,,Dark Coffee,,,,
,,,,,Discord Traverse Grey Multi,,,,
,,,,,Cherry Cola,,,,
,,,,,Cherry Mist,,,,
,,,,,Cherry Tint,,,,
,,,,,Haze Dot Inverse Orange Multi,,,,
,,,,,Hazy Afterglow Multi,,,,
,,,,,Heritage 365 Camo Smoky Red Night Sea Multi,,,,
,,,,,Sea Frost,,,,
,,,,,Sea Mist,,,,
,,,,,Wander Teal,,,,
,,,,,Rainforest Green,,,,
,,,,,Future Utopia Multi,,,,
,,,,,Highlight Pink,,,,
,,,,,Spaced Yogo Outline WP Faded Zap Marlin,,,,
,,,,,Heathered Sea Frost,,,,
,,,,,Teal Lagoon,,,,
,,,,,Thread Dye White Silver Drop,,,,
,,,,,Military Green,,,,
,,,,,True Red,,,,
,,,,,True Stripe Burnside Green White,,,,
,,,,,True Stripe Subtle Tan White,,,,
,,,,,True Stripe True Navy White,,,,
,,,,,Smoky Blush,,,,
,,,,,3 Colour Space Dye Deep Coal Dark Carbon,,,,
,,,,,3 Colour Space Dye Ice Grey Alpine White,,,,
,,,,,Dusty Amethyst,,,,
,,,,,Crumple Mini Jacquard Elixir,,,,
,,,,,Lavender Dew,,,,
,,,,,Black Cherry,,,,
,,,,,brave olive,,,,
,,,,,butter pink,,,,
,,,,,Flicker Pace Utility Blue Multi,,,,
,,,,,Heathered Raw Linen,,,,
,,,,,Heathered Red Merlot,,,,
,,,,,Heathered Rhino Grey,,,,
,,,,,Heathered Rosemary Green,,,,
,,,,,Jumie Stripe Cyber Violet Grape Thistle,,,,
,,,,,Jumie Stripe Elixir Edamame Green,,,,
,,,,,Jumie Stripe Red Merlot Graphite Grey,,,,
,,,,,Tri Colour Rulu Green Jasper Oceanic,,,,
,,,,,Breezy,,,,
,,,,,Deep Fuschia,,,,
,,,,,Deep Green,,,,
,,,,,Heathered Meadowsweet Pink,,,,
,,,,,Hero Blue,,,,
,,,,,Incognito Camo Multi Gator Green,,,,
,,,,,Incognito Camo Multi Grey,,,,
,,,,,Incognito Camo Pink Taupe Multi,,,,
,,,,,Logo Flourish Black Iridescent Foil,,,,
,,,,,Data Rush Jacquard Anchor SymphonyBlue,,,,
,,,,,Shapeshifter Foil Black,,,,
,,,,,Stippled Fusion Belgian Blue Multi,,,,
,,,,,Infuse Texture Alpine White Multi,,,,
,,,,,Infuse Texture Chambray Multi,,,,
,,,,,Inherent Brush WP Bone Raw Linen,,,,
,,,,,Ink Islands Burnside Multi,,,,
,,,,,Ink Islands Mauve Multi,,,,
,,,,,Ink Islands True Navy Multi,,,,
,,,,,Ink Islands Twice Blue Multi,,,,
,,,,,Ink Vapor Ice Grey Multi,,,,
,,,,,Inkwell,,,,
,,,,,Inline Stripe White Heathered Blue Linen,,,,
,,,,,Inline Stripe White Heathered Grey Sage,,,,
,,,,,Inline Stripe White Heathered Pink Peony,,,,
,,,,,Marble Dye Solar Orange,,,,
,,,,,Spiced Bronze,,,,
,,,,,chalk,,,,
,,,,,Knit Leopard Graphite Grey Black,,,,
,,,,,Paint Spark Multi,,,,
,,,,,Heathered Core Light Grey,,,,
,,,,,Heathered Kohlrabi Green,,,,
,,,,,Heathered Larkspur,,,,
,,,,,Pocket Stripe Pitch Blue Brown Earth,,,,
,,,,,POCKET STRIPE RHINO GREY GRAPHITE GREY,,,,
,,,,,Pocket Stripe Windmill Oasis Blue,,,,
,,,,,Gravel Dust Asphalt Grey Multi,,,,
,,,,,Gravel Dust True Navy Multi,,,,
,,,,,Heathered Blazer Blue,,,,
,,,,,Heathered Blue Chill,,,,
,,,,,Heathered Blue Linen,,,,
,,,,,heathered iron blue,,,,
,,,,,Ice Green,,,,
,,,,,sea spray alpine white dark chrome,,,,
,,,,,Beech Wood,,,,
,,,,,College Crimson,,,,
,,,,,Commission Stripe Black White,,,,
,,,,,Commission Stripe Cyber Violet Vitapink,,,,
,,,,,Exurbia Print Bold Beige Tidal Teal,,,,
,,,,,Exurbia Print Mauve Grey Shadow Grey,,,,
,,,,,Gossamer Floral Vita Pink Multi,,,,
,,,,,kayak blue,,,,
,,,,,Kayak Blue Light,,,,
,,,,,Le Tigre Camo Deep Coal Multi,,,,
,,,,,Flash Light,,,,
,,,,,Heritage 365 Camo Rhino Grey Multi,,,,
,,,,,Meteor Wash Print Multi,,,,
,,,,,Purist Dotted Speckle Blue Denim,,,,
,,,,,Purist Dotted Speckle Vintage Plum Faint Coral,,,,
,,,,,Purist More Fruit,,,,
,,,,,Purist Team Wordmark,,,,
,,,,,Yellow Pear,,,,
,,,,,Beaming Yellow,,,,
,,,,,Bright White,,,,
,,,,,Floral Freestyle Black Multi,,,,
,,,,,Floral Freestyle Multi,,,,
,,,,,Floral Glitch Multi,,,,
,,,,,Formation Camo Deep Coal Multi,,,,
,,,,,Heathered Chambray,,,,
,,,,,Heathered Code Blue,,,,
,,,,,heathered Copper Brown,,,,
,,,,,Heathered Coral Kiss,,,,
,,,,,Heathered Rover,,,,
,,,,,Heathered Silver Drop,,,,
,,,,,heathered slate,,,,
,,,,,Jaded,,,,
,,,,,Marmoleado Tie Dye Highlight Yellow,,,,
,,,,,Marmoleado Tie Dye White Opal Rosemary Green,,,,
,,,,,River Blue,,,,
,,,,,Shadow Grey,,,,
,,,,,Sunbeam Floral Multi,,,,
,,,,,Enzyme Dye Lilac Ether,,,,
,,,,,Enzyme Dye Mineral Blue,,,,
,,,,,Grey Eucalyptus,,,,
,,,,,Tofino Teal,,,,
,,,,,Whimsical Meld WP Bone Mineral Blue,,,,
,,,,,Blue Cast,,,,
,,,,,Blue Charcoal,,,,
,,,,,Diffuse Starlight Black,,,,
,,,,,Faint Coral,,,,
,,,,,Lined Leopard WP Anchor Multi,,,,
,,,,,Modern Stripe White Heathered Medium Grey,,,,
,,,,,Peri Purple,,,,
,,,,,Pink Glow,,,,
,,,,,Digital Bloom Blur Multi,,,,
,,,,,Digital Lavender,,,,
,,,,,Digital Murmuration Teal Multi,,,,
,,,,,Dusty Bronze,,,,
,,,,,Gully Green,,,,
,,,,,nautical navy,,,,
,,,,,power luxtreme spray jacquard sapphire blue black,,,,
,,,,,Bone Radiate Transparent Foil,,,,
,,,,,Ember Radiate Mango Dream Multi,,,,
,,,,,Heathered Green Jasper,,,,
,,,,,Heathered Poolside,,,,
,,,,,Ruby Red,,,,
,,,,,Tiger,,,,
,,,,,Future Noise Jacquard,,,,
,,,,,Lululemon Ombre Red Multi,,,,
,,,,,No Colour,,,,
,,,,,Nocturnal Teal,,,,
,,,,,Segment Emboss Black,,,,
,,,,,Viridian Green,,,,
,,,,,Light Quicksand,,,,
,,,,,Marble Dye Wasabi,,,,
,,,,,pop cut fatigue green black,,,,
,,,,,Boundless Stripe Black White,,,,
,,,,,Boundless Stripe Bone Black,,,,
,,,,,dandy digie multi,,,,
,,,,,Dark Sport Red,,,,
,,,,,Distressed Twill Emboss Black,,,,
,,,,,Fluro Citrus Tone,,,,
,,,,,Maize Yellow,,,,
,,,,,blurry belle multi,,,,
,,,,,In-Sense Emboss Solar Orange,,,,
,,,,,Midnight Navy,,,,
,,,,,Regal Plum,,,,
,,,,,Apparition Jacquard Riverstone Rover,,,,
,,,,,Heather Allover Sea Salt Light Cast,,,,
,,,,,pigment wind duck sauce multi,,,,
,,,,,Red Grape,,,,
,,,,,Rich Caramel,,,,
,,,,,Traverse Grey,,,,
,,,,,Heathered Lilac Ether,,,,
,,,,,Heathered Lilac Smoke,,,,
,,,,,Heritage Camo Max Rover White Opal,,,,
,,,,,Aquila Rhino Grey Multi,,,,
,,,,,Code Blue,,,,
,,,,,cyber black deep coal,,,,
,,,,,Kaleidofloral Multi,,,,
,,,,,Multicolour Geo Wash Multi,,,,
,,,,,razzle,,,,
,,,,,Lemon Vibe,,,,
,,,,,pink sorbet,,,,
,,,,,Burnside Green,,,,
,,,,,Poseidon,,,,
,,,,,Luminesce Splatter Ice Grey Black,,,,
,,,,,Heritage 365 Camo Green Twill Multi,,,,